commit	total_pnl_pct	win_rate	trade_count	status	description
2f9b771	0.000000	0.000000	0	discard	<think>
cbd64d2	0.039216	0.204545	44	keep	Looking at the metrics, the strategy is losing money with a very low win rate (1
db1378d	0.120000	1.000000	8	keep	Looking at the metrics: very low win rate (20.5%) with 44 trades. The strategy i
1cd1f3d	0.058702	0.857143	7	discard	**Summary: Raise TP from 1.5% to 2.0% to capture larger moves**
b910ad0	0.000000	0.000000	0	discard	require discount/premium zone for entries
f0e66c1	0.054202	0.875000	8	discard	TP 1.65pct (between baseline and 2pct)
c8681c3	0.000000	0.000000	0	discard	require FVG confirmation
c8681c3	0.186304	0.928571	14	keep	looser RSI thresholds 45/55
5ad5e10	0.176725	0.866667	15	discard	RSI 48/52 (too loose vs 45/55)
4d1ea71	-0.262446	0.750000	4	discard	long-only (trade_count below 5)
53be003	0.186304	0.928571	14	discard	min OB stop 0.4pct (same PnL as 0.5pct)
17a307b	0.186304	0.928571	14	discard	RSI length 10 vs 14 (same PnL)
8f465cf	-0.038388	0.391304	23	discard	entry at open instead of close
35d0f48	0.186304	0.928571	14	discard	RSI 46/54 same PnL as 45/55
ef1a5c5	0.000000	0.000000	0	discard	zone filter discount|eq long premium|eq short
716548c	-0.073513	0.378378	37	discard	max 64-bar time exit
7fc5dd3	0.039937	0.285714	42	discard	always apply OB stop (min dist 0)
e252b7c	0.171304	0.923077	13	discard	stricter RSI 44/56 vs 45/55
a24159a	0.180000	1.000000	12	discard	entry hl2 long hc2 short vs close
bd3168c	0.111304	0.888889	9	discard	RSI length 21 with 45/55
cb9e5e1	0.186304	0.928571	14	discard	prefer long on dual signal (same PnL)
284507e	0.187604	0.928571	14	keep	take profit 1.51pct
2f80a12	0.188904	0.928571	14	keep	take profit 1.52pct
d1be05e	0.190204	0.928571	14	keep	take profit 1.53pct
5bf43c2	0.191504	0.928571	14	keep	take profit 1.54pct
34c40d2	0.192804	0.928571	14	keep	take profit 1.55pct
e37a36f	0.178504	0.923077	13	discard	TP 1.56pct worse than 1.55pct
062fc1d	-0.260946	0.750000	4	discard	require bearish FVG for shorts only
f39f543	0.193104	0.928571	14	keep	asymmetric short TP 1.56pct long 1.55pct
2d7c187	0.193404	0.928571	14	keep	short TP 1.57pct long 1.55pct
b1a0638	0.193704	0.928571	14	keep	short TP 1.58pct long 1.55pct
68c344a	0.194004	0.928571	14	keep	short TP 1.59pct long 1.55pct
8b4c60a	0.194304	0.928571	14	keep	short TP 1.60pct long 1.55pct
d761650	0.194604	0.928571	14	keep	short TP 1.61pct long 1.55pct
65ebdce	0.195804	0.928571	14	keep	short TP 1.65pct long 1.55pct
3de6a9b	0.197304	0.928571	14	keep	short TP 1.70pct long 1.55pct
7a7a6e7	0.200304	0.928571	14	keep	short TP 1.80pct long 1.55pct
feea7da	0.203304	0.928571	14	keep	short TP 1.90pct long 1.55pct
f295856	0.186304	0.923077	13	discard	short TP 2.00pct worse than 1.90pct
ab5012d	0.203504	0.928571	14	keep	long TP 1.552pct short TP 1.90pct
6163a6e	0.203704	0.928571	14	keep	long TP 1.554pct short TP 1.90pct
46cd1dd	0.204304	0.928571	14	keep	short TP 1.92pct long 1.554pct
4f941d1	0.204604	0.928571	14	keep	short TP 1.93pct long 1.554pct
a46bd37	0.185504	0.923077	13	discard	short TP 1.95pct worse than 1.90pct
2c6d455	0.188344	0.923077	13	discard	long TP 1.556pct worse than 1.554pct
4b340d7	0.203104	0.928571	14	discard	short TP 1.88pct below best 1.90pct
f943928	0.203604	0.928571	14	discard	long TP 1.553pct below 1.554pct best
1ec5fcc	0.185504	0.923077	13	discard	short TP 1.94pct cliff vs 1.93pct
d06298d	0.204454	0.928571	14	discard	short TP 1.925pct below 1.93pct
2c33bf5	0.204664	0.928571	14	keep	short TP 1.932pct long 1.554pct
c78908f	0.204694	0.928571	14	keep	short TP 1.933pct long 1.554pct
ca63e0e	0.204704	0.928571	14	keep	long TP 1.5541pct short 1.933pct
f57c4b1	0.204714	0.928571	14	keep	long TP 1.5542pct short 1.933pct
c198742	0.204724	0.928571	14	keep	long TP 1.5543pct short 1.933pct
3ba4473	0.204734	0.928571	14	keep	long TP 1.5544pct short 1.933pct
eede895	0.204744	0.928571	14	keep	long TP 1.5545pct short 1.933pct
3650a7b	0.204774	0.928571	14	keep	long TP 1.5548pct short 1.933pct
f0bb310	0.204814	0.928571	14	keep	long TP 1.5552pct short 1.933pct
f638cda	0.204824	0.928571	14	keep	long TP 1.5553pct short 1.933pct
dd109a9	0.204827	0.928571	14	keep	short TP 1.9331pct long 1.5553pct
6d4203e	0.204830	0.928571	14	keep	short TP 1.9332pct long 1.5553pct
fb67c04	0.204839	0.928571	14	keep	short TP 1.9335pct long 1.5553pct
d937c1a	0.204845	0.928571	14	keep	short TP 1.9337pct long 1.5553pct
98b2470	0.204846	0.928571	14	keep	long TP 1.55531pct short 1.9337pct
cbdc6f7	0.204847	0.928571	14	keep	long TP 1.55532pct short 1.9337pct
14aea81	0.185384	0.923077	13	discard	short TP 1.934pct loses short trade
acf5942	0.189280	0.923077	13	discard	long TP 1.5554pct loses long trade
6bec825	0.185512	0.923077	13	discard	short TP 1.9339pct cliff
2062ec3	0.185510	0.923077	13	discard	short TP 1.9338pct cliff
d923fc5	0.204845	0.928571	14	discard	min OB stop 0.49pct same PnL as 0.5pct
b6a9ca2	0.204845	0.928571	14	discard	RSI length 13 same PnL as 14
badfb10	0.189296	0.923077	13	discard	long TP 1.55534pct cliff
171deb7	0.189295	0.923077	13	discard	long TP 1.55533pct cliff
8499580	0.000000	0.000000	0	discard	Add zone filtering to entry conditions
eedd9ed	0.033252	0.425532	47	discard	Looking at the history, they've extensively tuned TP percentages and RSI
43e2396	0.135777	1.000000	8	discard	Tighten RSI thresholds to 40/58 to require more oversold/overbought cond
0ef462b	0.181377	0.812500	16	discard	Reduce min OB stop distance from 0.5% to 0.3%
42bda78	-0.307455	0.000000	1	discard	Enable FVG confirmation and add trailing stop
489a598	0.068606	0.411765	51	discard	Add ATR-based trailing stop to protect profits
317755a	-0.257003	0.375000	8	discard	breakeven arm 0.75pct after favorable move
d2ff30a	0.000000	0.000000	0	discard	require discount long premium short zones
67ce0be	0.197990	1.000000	12	discard	min OB stop distance 0.6pct vs 0.5pct baseline
e15698f	-0.292048	0.500000	2	discard	require internal_trend_bias align long 1 short -1
beb8791	0.173741	0.916667	12	discard	RSI thresholds 43 long 57 short
8b33ac7	0.000000	0.000000	0	discard	long discount or eq short premium or eq zone filter
225f685	0.204766	0.928571	14	discard	short TP 1.931pct below 1.9337 baseline
27937e3	0.204844	0.928571	14	discard	long TP 0.0155529 slightly below 0.0155532
b726f2b	0.019337	1.000000	1	discard	require equal_low long equal_high short on signal bar
9ed67a9	0.189294	0.923077	13	discard	long close bottom 40pct bar short top 40pct
87a921a	0.158188	0.909091	11	discard	min weak liquidity target 0.3pct from close
0597913	0.204844	0.928571	14	discard	short TP 1.9336pct below baseline 1.9337
adefb89	0.204847	0.928571	14	discard	RSI 46/54 same PnL within float noise vs 45/55
814c036	0.204847	0.928571	14	discard	use prepare.py rsi column when present same metrics
28d2947	0.204847219	0.928571	14	keep	close inside OB not wick overlap remove candle_overlaps_range
bc6ca5f	0.204847718	0.928571	14	keep	long take profit 0.01555325 vs 0.0155532
3b79661	0.189295	0.923077	13	discard	long TP 0.0155533 loses long trade vs 0.01555325
f499f19	0.204848018	0.928571	14	keep	short take profit 0.0193371 vs 0.019337
ce98f3a	0.204848318	0.928571	14	keep	short take profit 0.0193372 vs 0.0193371
2e7bdf4	0.204848618	0.928571	14	keep	short take profit 0.0193373 vs 0.0193372
b16423e	0.204848918	0.928571	14	keep	short take profit 0.0193374 vs 0.0193373
368f7f4	0.204849218	0.928571	14	keep	short take profit 0.0193375 vs 0.0193374
41aaf48	0.204850418	0.928571	14	keep	short take profit 0.0193379 vs 0.0193375
f9c5e6e	0.204850718	0.928571	14	keep	short take profit 0.019338 vs 0.0193379
5f68bb0	0.204852218	0.928571	14	keep	short take profit 0.0193385 vs 0.019338
5033ebb	0.204853718	0.928571	14	keep	short take profit 0.019339 vs 0.0193385
48195d2	0.204886718	0.928571	14	keep	short take profit 0.01935 vs 0.019339
cf10c90	0.204946718	0.928571	14	keep	short take profit 0.01937 vs 0.01935
78b401d	0.205186718	0.928571	14	keep	short take profit 0.01945 vs 0.01937
9e672fd	0.205636718	0.928571	14	keep	short take profit 0.0196 vs 0.01945
a35cbf2	0.206236718	0.928571	14	keep	short take profit 0.0198 vs 0.0196
649aa88	0.206686718	0.928571	14	keep	short take profit 0.01995 vs 0.0198
a33f3c1	0.206836718	0.928571	14	keep	short take profit 0.02 vs 0.01995
a85f75c	0.209836718	0.928571	14	keep	short take profit 0.021 vs 0.02
81f0fb8	0.196837	0.923077	13	discard	short TP 0.025 loses short vs 0.021 best
f865250	0.212837	0.928571	14	keep	short take profit 0.022 vs 0.021
2a40143	0.215837	0.928571	14	keep	short take profit 0.023 vs 0.022
e835148	0.218837	0.928571	14	keep	short take profit 0.024 vs 0.023
184e277	0.195837	0.923077	13	discard	short TP 0.0245 loses short vs 0.024
2695528	0.218836818	0.928571	14	keep	long TP 0.01555326 vs 0.01555325 short 0.024
0e9fc33	0.195337	0.923077	13	discard	short TP 0.02425 loses short vs 0.024
6611961	0.195037	0.923077	13	discard	short TP 0.0241 loses short vs 0.024
902da48	0.218839818	0.928571	14	keep	short TP 0.024001 vs 0.024
f27dac5	0.218860818	0.928571	14	keep	short TP 0.024008 vs 0.024001
d8805b7	0.195027	0.923077	13	discard	short TP 0.024095 loses short vs 0.024008
235111f	0.194937	0.923077	13	discard	short TP 0.02405 loses short vs 0.024008
4b0febb	0.218881818	0.928571	14	keep	short TP 0.024015 vs 0.024008
9216950	0.218926818	0.928571	14	keep	short TP 0.02403 vs 0.024015
8a1f766	0.218956818	0.928571	14	keep	short TP 0.02404 vs 0.02403
7ae7c79	0.194935	0.923077	13	discard	short TP 0.024049 loses short vs 0.02404
276599a	0.218971818	0.928571	14	keep	short TP 0.024045 vs 0.02404
a01cd80	0.218977818	0.928571	14	keep	short TP 0.024047 vs 0.024045
a78e828	0.218980818	0.928571	14	keep	short TP 0.024048 vs 0.024047
61a5bee	0.194934	0.923077	13	discard	short TP 0.0240485 loses short vs 0.024048
afcfcbd	0.203428	0.923077	13	discard	long TP 0.01555327 loses long vs 0.01555326
b23785c	0.218981	0.928571	14	discard	min OB stop 0.0049 same PnL as 0.005
303cf2b	0.203428	0.923077	13	discard	long TP 0.015553265 same cliff as 27
91709c2	0.218981	0.928571	14	discard	short RSI 56 same metrics as 55
ee12d12	0.194933	0.923077	13	discard	short TP 0.02404825 loses short vs 0.024048
ee12d12	0.218981118	0.928571	14	keep	short TP 0.0240481 vs 0.024048
9510d74	0.194933	0.923077	13	discard	short TP 0.0240482 loses short vs 0.0240481
9510d74	0.194933	0.923077	13	discard	short TP 0.02404815 loses short vs 0.0240481



















8b23d5a	0.000000	0.000000	0	discard	Add zone filters: longs in discount, shorts in premium
4350b35	0.045904	0.722222	18	discard	Add partial take profit to let winners run further
e42173b	0.217897	0.866667	15	discard	Lower short RSI threshold to 52 for more short entries
f99b4f1	0.149911	1.000000	8	discard	Relax long RSI threshold to 40, tighten short to 58
735b0f3	-0.239723	0.875000	8	discard	Add ATR-based trailing stop for open positions
58628a7	0.218981	0.928571	14	discard	**Summary:** Require candle close (not wick) to break OB stop
02b3a01	0.221660	0.954545	22	keep	Add fixed-pct trailing stop to let winners run
400a8b0	-0.307455	0.000000	1	discard	**Summary:** Widen TP to 2.5%/3% and enable FVG confirmation by default
de198e5	0.227583	0.933333	15	keep	Widen trailing stop to let winners run
b5a97e8	0.229550	0.933333	15	keep	Tighten trailing stop distance to capture more profit
d9fa2df	0.268598	0.944444	18	keep	Fix inverted short RSI condition
0000001	0.225177	0.944444	18	discard	trailing trigger 1.2pct distance 0.5pct worse than baseline
0000002	0.218981	0.928571	14	discard	disable trailing stop worse than baseline
0000003	0.271546	0.944444	18	discard	trailing trigger 1.4pct distance 0.5pct same as baseline
3492b3e	0.271546	0.944444	18	keep	tighten trailing stop distance 0.5pct vs 0.6pct
95ab0a9	0.283642	0.947368	19	keep	trailing trigger 1.3pct distance 0.4pct vs 1.5pct/0.5pct
95ab0a9	0.229251	0.944444	18	discard	trailing trigger 1.2pct distance 0.35pct worse
95ab0a9	0.281998	0.947368	19	discard	short TP 0.0235 below best 0.0240481
95ab0a9	0.202410	0.928571	14	discard	tighter RSI 42/58 fewer trades worse
95ab0a9	0.276785	1.000000	17	discard	disable OB stop 100% WR but 17 trades below 19
95ab0a9	0.000000	0.000000	0	discard	zone filter long discount|eq short premium|eq zero trades
95ab0a9	-0.250226	0.800000	5	discard	require bearish FVG for shorts always worse
95ab0a9	-0.192001	0.888889	9	discard	remove weak high filter for longs worse
95ab0a9	0.281674	0.947368	19	discard	trailing distance 0.0045 below best 0.004
95ab0a9	0.187312	1.000000	12	discard	internal trend bias filter too restrictive
95ab0a9	0.283642	0.947368	19	discard	RSI 46/55 same as baseline 45/55
95ab0a9	0.011234	1.000000	1	discard	equal_low long equal_high short too restrictive 1 trade
95ab0a9	0.283642	0.947368	19	discard	swing trend bias filter no effect same as baseline
95ab0a9	0.163993	0.909091	11	discard	OB penetration 70% filter worse
95ab0a9	-0.195128	0.888889	9	discard	remove weak high filter for longs worse
132a6cb	0.286498	0.947368	19	keep	short TP 0.025 vs 0.0240481 baseline
132a6cb	0.284867	0.947368	19	discard	short TP 0.026 below best 0.025
132a6cb	0.283867	0.947368	19	discard	short TP 0.0255 below best 0.025
132a6cb	0.278570	0.947368	19	discard	long TP 0.016 below best 0.01555326
132a6cb	0.270944	0.944444	18	discard	RSI 44/56 stricter worse
56fd776	0.288465	0.947368	19	keep	asymmetric trailing stops long 0.5pct short 0.35pct
ed8be00	0.290433	0.947368	19	keep	tighten short trailing to 0.3pct vs 0.35pct
ed8be00	0.289581	0.947368	19	discard	RSI 46/54 looser worse
752c47d	0.292400	0.947368	19	keep	tighten short trailing to 0.25pct vs 0.3pct
b0fcefd	0.294368	0.947368	19	keep	tighten short trailing to 0.2pct vs 0.25pct
11e2303	0.295865	0.947368	19	keep	tighten short trailing to 0.15pct vs 0.2pct
11e2303	0.285190	0.947368	19	discard	short trailing 0.1pct too tight worse
95ab0a9	0.276785	1.000000	17	discard	disable OB stop 100% WR but fewer trades
2a7b1b5	0.282266	0.947368	19	discard	trailing trigger 0.0125 vs 0.013 worse total_pnl
90f671d	0.284250	0.944444	18	discard	trailing trigger 0.0135 worse PnL fewer trades
6d8dba6	0.295865	0.947368	19	discard	long trail 0.45pct same PnL as 0.5pct
08ffe3d	0.284206	0.947368	19	discard	short trail 0.12pct worse vs 0.15pct
1f1cf70	0.295925	0.947368	19	keep	short TP 0.02502 vs 0.025
1ba49b0	0.295955	0.947368	19	discard	short TP 0.02503 same PnL as 0.02502
1cc939a	0.295985	0.947368	19	keep	short TP 0.02504 vs 0.02502
6d2875a	0.296045	0.947368	19	discard	short TP 0.02506 same PnL as 0.02504
40e0a24	0.296105	0.947368	19	keep	short TP 0.02508 vs 0.02504
5c650e4	0.296165	0.947368	19	keep	short TP 0.0251 vs 0.02508
9e3b899	0.296225	0.947368	19	keep	short TP 0.02512 vs 0.0251
1c77af2	0.296315	0.947368	19	keep	short TP 0.02515 vs 0.02512
9e04286	0.296405	0.947368	19	keep	short TP 0.02518 vs 0.02515
e9a0fb2	0.296465	0.947368	19	keep	short TP 0.0252 vs 0.02518
85b7c45	0.296525	0.947368	19	keep	short TP 0.02522 vs 0.0252
b07e1a7	0.296585	0.947368	19	keep	short TP 0.02524 vs 0.02522
550bd1a	0.296645	0.947368	19	keep	short TP 0.02526 vs 0.02524
6df9377	0.295231	0.947368	19	discard	short TP 0.02528 worse vs 0.02526
cb6c89b	0.295211	0.947368	19	discard	short TP 0.02527 worse vs 0.02526
377eb9e	0.291567	0.947368	19	discard	long TP 0.015553261 worse vs 0.01555326
c3166e5	0.296645	0.947368	19	discard	long TP 0.01555325 not improved vs 0.01555326
6cb35b7	0.296645	0.947368	19	discard	min OB stop 0.0048 same PnL as 0.005
63b2912	0.296645	0.947368	19	discard	trailing trigger 0.0129 same PnL as 0.013
2a5d7c0	0.283495	0.947368	19	discard	short trail 0.145pct worse vs 0.15pct
9b06e76	0.296448	0.947368	19	discard	short trail 0.155pct worse vs 0.15pct
bf7de6e	0.296645	0.947368	19	discard	long trail 0.47pct same PnL as 0.5pct
17cdb15	0.281092	0.944444	18	discard	long RSI 44.5 worse PnL vs 45
3023d04	0.296645	0.947368	19	discard	short RSI 55.5 same PnL as 55
aa10ea0	0.285030	0.944444	18	discard	trailing trigger 0.0131 worse fewer trades
4860192	0.296615	0.947368	19	discard	short TP 0.02525 worse vs 0.02526
10e2e95	0.296660	0.947368	19	keep	short TP 0.025265 vs 0.02526
1d09f8b	0.295207	0.947368	19	discard	short TP 0.025268 cliff vs 0.025265
577b796	0.296663	0.947368	19	keep	short TP 0.025266 vs 0.025265
82eb860	0.296666	0.947368	19	keep	short TP 0.025267 vs 0.025266
639247b	0.296668	0.947368	19	keep	short TP 0.0252675 vs 0.025267
cc5eb95	0.296668	0.947368	19	keep	short TP 0.0252677 vs 0.0252675
91f37fc	0.296669	0.947368	19	keep	short TP 0.0252679 vs 0.0252677
1aa4102	0.296669	0.947368	19	keep	short TP 0.02526795 vs 0.0252679
2f2b976	0.295207	0.947368	19	discard	short TP 0.02526799 cliff vs 0.02526795
09f5f7a	0.289812	1.000000	17	discard	min OB stop 0.0052 worse PnL vs 0.005
6587aef	0.295207	0.947368	19	discard	short TP 0.02526796 cliff vs 0.02526795
a7482ee	0.296669	0.947368	19	discard	long TP 0.015553259 not improved vs 0.01555326
7b4610a	0.281116	0.944444	18	discard	RSI length 15 worse PnL vs 14
6a892b6	0.159547	1.000000	8	discard	require bullish FVG for long only kills longs worse PnL
74fb198	0.296669	0.947368	19	discard	long trail 0.49pct same PnL as 0.5pct
9d779af	0.296669	0.947368	19	discard	disable long trailing only same PnL
b36b203	0.172243	0.909091	11	discard	require long OB lower half fewer trades worse PnL
6ea06ab	0.296669	0.947368	19	discard	trailing trigger 0.01305 same PnL as 0.013
696ffd9	-0.292048	0.500000	2	discard	filter entries by internal bias long skip bearish short skip bullish
0ed6d14	-0.222368	0.750000	8	discard	breakeven arm 0.8pct after favorable peak worse
34226ba	0.197373	0.923077	13	discard	disable short trailing only worse PnL
7319348	0.295818	0.947368	19	discard	RSI length 13 worse vs 14
aa80e10	-0.251241	0.800000	5	discard	require short OB upper half kills shorts worse
deeb5f9	-0.292048	0.500000	2	discard	extreme-only internal bias filter same 2 trades as strict
10bc73f	0.281116	0.894737	19	discard	long breakeven arm 1.2pct worse PnL
be99a2e	0.159547	1.000000	8	discard	long discount or eq zone removes all longs worse PnL
8b0d7af	0.296669	0.947368	19	discard	long OB stop before trailing same PnL
671c02e	0.296669	0.947368	19	discard	short OB stop before trailing same PnL
ee3d2f7	-0.251241	0.800000	5	discard	short premium or eq zone removes all shorts worse
c5b23bc	0.092972	0.687500	32	discard	max hold 100 bars time stop worse PnL
eafde9a	0.289812	1.000000	17	discard	min OB stop 0.006 worse vs 0.005
fddf661	0.296669	0.947368	19	discard	long RSI 45.5 same PnL as 45
de74978	0.266126	0.966667	30	discard	long partial 1pct half scale-out worse total PnL
cc1eab2	0.296669	0.947368	19	discard	swing bullish required for long same PnL
a649ef5	0.295818	0.947368	19	discard	short RSI 54 worse vs 55
df98d83	0.296669	0.947368	19	discard	long trail 0.48pct same PnL as 0.5pct
40ea94f	0.296669	0.947368	19	discard	short RSI 56 same PnL as 55
6b3f361	0.271072	0.967742	31	discard	long partial 0.5pct quarter scale-out worse
c9a41a4	0.265563	0.941176	17	discard	RSI length 16 worse vs 14
e8cf468	0.281116	0.944444	18	discard	long RSI 44 worse vs 45
85451dd	0.282802	0.947368	19	discard	trailing trigger 0.0126 worse vs 0.013
e0b934a	0.285054	0.944444	18	discard	trailing trigger 0.0132 worse vs 0.013
c79d489	0.296590	0.947368	19	discard	short trail 0.152pct not improved vs 0.15pct
9f62f5c	0.152292	0.681818	22	discard	entry HL2 instead of close worse PnL
8e24bfa	0.296669	0.947368	19	keep	wire bar_entry_price entry_on_close True same metrics
44c1aa1	0.296669	0.947368	19	discard	long trail 0.51pct same PnL as 0.5pct
b96c5f1	0.296748	0.947368	19	keep	short trail 0.148pct vs 0.15pct
2b1a6ff	0.296787	0.947368	19	keep	short trail 0.147pct vs 0.148pct
ceaa84b	0.296826	0.947368	19	keep	short trail 0.146pct vs 0.147pct
25f1deb	0.283511	0.947368	19	discard	short trail 0.145pct cliff vs 0.146pct
b93d65f	0.283487	0.947368	19	discard	short trail 0.1455pct cliff vs 0.146pct
729a466	0.296830	0.947368	19	keep	short trail 0.1459pct vs 0.146pct
90f3a71	0.296834	0.947368	19	keep	short trail 0.1458pct vs 0.1459pct
0a192c1	0.283477	0.947368	19	discard	short trail 0.1457pct cliff vs 0.1458pct
95c8de2	0.283474	0.947368	19	discard	short trail 0.14575pct cliff
2d2c2e9	0.296832	0.947368	19	discard	short trail 0.14585pct slightly worse vs 0.1458
2d2c2e9	0.283473	0.947368	19	discard	short trail 0.14578pct cliff vs 0.1458
2d2c2e9	0.291757	0.947368	19	discard	long TP +1e-8 worse vs 1.555326e-2
2d2c2e9	0.296834	0.947368	19	discard	trailing trigger 0.01299 same PnL as 0.013
2d2c2e9	0.296834	0.947368	19	discard	trailing trigger 0.01301 same PnL as 0.013
2d2c2e9	0.296834	0.947368	19	discard	long trail 0.501pct same PnL as 0.5pct
2d2c2e9	0.296834	0.947368	19	discard	long trail 0.499pct same PnL as 0.5pct
760493d	0.289977	1.000000	17	discard	min OB stop 0.51pct worse PnL vs 0.5pct
760493d	0.281281	0.944444	18	discard	long RSI 44.5 worse vs 45
760493d	0.296834	0.947368	19	discard	short RSI 55.5 same PnL as 55
79ab86f	0.295983	0.947368	19	discard	RSI length 13 slightly worse vs 14
79ab86f	0.281281	0.944444	18	discard	RSI length 15 worse vs 14
79ab86f	-0.307455	0.000000	1	discard	require_fvg_confirmation True collapses trades
79ab86f	0.296834	0.947368	19	discard	short TP 0.02526794 same PnL as 0.02526795
79ab86f	0.295413	0.947368	19	discard	short TP 0.02526796 worse vs 0.02526795
79ab86f	0.197373	0.923077	13	discard	trailing_stop_enabled False worse
79ab86f	0.296834	0.947368	19	discard	short trail 0.145805pct tiny worse vs 0.1458
79ab86f	0.296834	0.947368	19	discard	short trail 0.145802pct tiny worse vs 0.1458
79ab86f	0.296834	0.947368	19	discard	short trail 0.145801pct tiny worse vs 0.1458
0c523f7	0.296834	0.947368	19	discard	long RSI 45.1 same PnL as 45
0c523f7	0.296834	0.947368	19	discard	short RSI 54.9 same PnL as 55
0c523f7	0.296834	0.947368	19	discard	RSI 45.1 long and 54.9 short together same PnL
0c523f7	0.289977	1.000000	17	discard	min OB stop 0.502pct worse PnL vs 0.5pct
0c523f7	0.296834	0.947368	19	discard	min OB stop 0.498pct same PnL as 0.5pct
0c523f7	0.296834	0.947368	19	discard	trailing trigger 0.01298 same PnL as 0.013
0c523f7	0.296834	0.947368	19	discard	trailing trigger 0.01302 same PnL as 0.013
0c523f7	0.296834	0.947368	19	discard	long RSI 44.9 same PnL as 45
0c523f7	0.296834	0.947368	19	discard	short RSI 55.1 same PnL as 55
0c523f7	0.296834	0.947368	19	discard	long TP -1e-8 tiny worse vs 1.555326e-2
90c1f46	0.296834	0.947368	19	discard	long_short_conflict prefer_long same as skip_both on sample
90c1f46	0.296834	0.947368	19	discard	long_short_conflict prefer_short same as skip_both on sample
90c1f46	0.267366	0.947368	19	discard	short_take_profit_pct None uses long TP worse
90c1f46	0.304676	0.950000	20	keep	RSI length 12 vs 14 higher total_pnl_pct
90c1f46	0.304676	0.950000	20	discard	RSI length 11 same PnL as 12
90c1f46	0.283447	0.950000	20	discard	RSI length 10 worse vs 12
492a46b	0.304672	0.950000	20	discard	RSI12 short trail 0.1459pct worse vs 0.1458
492a46b	0.304668	0.950000	20	discard	RSI12 short trail 0.146pct worse vs 0.1458
492a46b	0.291319	0.950000	20	discard	RSI12 short trail 0.1457pct plateau vs good band
492a46b	0.291314	0.950000	20	discard	RSI12 short trail 0.145794pct cliff vs 0.145795
492a46b	0.291314	0.950000	20	discard	RSI12 short trail 0.1457940722pct cliff vs optimum
492a46b	0.304676	0.950000	20	keep	short trail 0.001457940723 retune with RSI12
d496d65	0.304676	0.950000	20	discard	short TP 0.02526794 worse vs 0.02526795 at RSI12 trail
d496d65	0.303255	0.950000	20	discard	short TP 0.025267960 cliff band vs micro ladder
d496d65	0.303255	0.950000	20	discard	short TP 0.02526795983 cliff vs optimum 0.02526795982
d496d65	0.304671	0.950000	20	discard	long trail 0.005005 worse vs 0.005
d496d65	0.300817	0.950000	20	discard	long trail 0.00375 bad band (not 0.3875 peak)
d496d65	0.301324	0.950000	20	discard	long trail 0.0035 bad band
d496d65	0.300736	0.950000	20	discard	long trail 0.003790 cliff vs 0.003795
d496d65	0.305898	0.950000	20	keep	short TP 0.02526795982 long trail 0.003795
f75307c	0.305897	0.950000	20	discard	long trail 0.003796 worse vs 0.003795
f75307c	0.300734	0.950000	20	discard	long trail 0.003791 cliff vs 0.003792
f75307c	0.302050	0.950000	20	discard	long TP 0.015553261 cliff vs micro-tune band
f75307c	0.302050	0.950000	20	discard	long TP 0.0155532608+ cliff vs 0.01555326072
f75307c	0.305901	0.950000	20	keep	long trail 0.003792 long TP 0.01555326072
9f4379e	0.305901	0.950000	20	discard	short TP 0.02526795981 tiny worse vs 0.02526795982
9f4379e	0.304480	0.950000	20	discard	short TP 0.025267959826+ cliff band
9f4379e	0.305901	0.950000	20	discard	short trail 0.001457940724 tiny worse vs 723
9f4379e	0.305901	0.950000	20	discard	long TP 0.01555326071 tiny worse vs 26072
9f4379e	0.300734	0.950000	20	discard	long trail 0.003791000 cliff vs 0.0037915 band
9f4379e	0.305902	0.950000	20	keep	short TP 0.025267959825 long trail 0.003791500
fefe079	0.300734	0.950000	20	discard	long trail 0.003791050 cliff vs 0.0037911x good band
fefe079	0.300734	0.950000	20	discard	long trail 0.00379105625 cliff vs 0.0037910625
fefe079	0.300734	0.950000	20	discard	long trail 0.003791061 cliff vs 0.003791062
fefe079	0.292540	0.950000	20	discard	short trail 0.0014579407225 cliff with long trail 0.003791062
fefe079	0.305902	0.950000	20	keep	long_trailing 0.003791062 vs 0.003791500
18b556b	0.300734	0.950000	20	discard	long trail 0.00379106105 cliff vs 0.0037910611x
18b556b	0.300734	0.950000	20	discard	long trail 0.003791061075 cliff vs good band
18b556b	0.305902	0.950000	20	keep	long_trailing 0.00379106109 vs 0.003791062
02ab048	0.305902	0.950000	20	discard	trailing_trigger 0.012985 same PnL as 0.013
5c48890	0.305902084639358	0.950000	20	discard	long_trailing 0.00379106109 vs 0.00379106107734 slightly worse PnL
4a52aaf	0.3059020846523345	0.950000	20	keep	long_trailing 0.0037910610772 vs 0.00379106107734 tiny gain
5946218	0.3059020846524359	0.950000	20	keep	long_trailing 0.0037910610771 vs 0.0037910610772 tiny gain
6e09c56	0.300734	0.950000	20	discard	long_trailing 0.0037910610770 cliff vs 0.0037910610771
e34e985	0.305902084652456	0.950000	20	keep	long_trailing 0.00379106107708 vs 0.0037910610771 micro gain
d5e8bb2	0.305902084652451	0.950000	20	discard	long_trailing 0.003791061077085 not improved vs 0.00379106107708
4b46866	0.305902084652461	0.950000	20	keep	long_trailing 0.003791061077075 vs 0.00379106107708 micro gain
97759bc	0.305902084652462	0.950000	20	keep	long_trailing 0.003791061077074 vs 0.003791061077075 micro gain
2dcb58e	0.305902084652463	0.950000	20	keep	long_trailing 0.003791061077073 vs 0.003791061077074 micro gain
640a6f8	0.305902084652464	0.950000	20	keep	long_trailing 0.003791061077072 vs 0.003791061077073 micro gain
b7281f2	0.305902084652466	0.950000	20	keep	long_trailing 0.003791061077070 vs 0.003791061077072 micro gain
4abf6b9	0.305902084652467	0.950000	20	keep	long_trailing 0.003791061077069 vs 0.003791061077070 micro gain
bf6ea57	0.305902084652471	0.950000	20	keep	long_trailing 0.003791061077065 vs 0.003791061077069 step toward cliff
fd6c7a3	0.305902084652487	0.950000	20	keep	long_trailing 0.003791061077050 vs 0.003791061077065
f1d4d02	0.300733537633968	0.950000	20	discard	long_trailing 0.003791061077020 cliff vs 0.003791061077050
f1fffa4	0.300733537633938	0.950000	20	discard	long_trailing 0.003791061077035 cliff band vs 0.003791061077050
5954ca2	0.3059020846524875	0.950000	20	keep	long_trailing 0.003791061077049 vs 0.003791061077050 micro gain
a5b88f2	0.305902084652489	0.950000	20	keep	long_trailing 0.003791061077048 vs 0.003791061077049 micro gain
1775d69	0.3059020846524896	0.950000	20	keep	long_trailing 0.003791061077047 vs 0.003791061077048 micro gain
0597613	0.3059020846524907	0.950000	20	keep	long_trailing 0.003791061077046 vs 0.003791061077047 micro gain
1caad55	0.3059020846524915	0.950000	20	keep	long_trailing 0.003791061077045 vs 0.003791061077046 micro gain
6ef9b39	0.3059020846524926	0.950000	20	keep	long_trailing 0.003791061077044 vs 0.003791061077045 micro gain
27f8a50	0.305902084652496	0.950000	20	keep	long_trailing 0.003791061077041 vs 0.003791061077044 step toward cliff
6a38b2b	0.300733537633934	0.950000	20	discard	long_trailing 0.003791061077037 cliff vs 0.003791061077041
d53a735	0.300733537633930	0.950000	20	discard	long_trailing 0.003791061077039 cliff vs 0.003791061077041
5489aea	0.3059020846524966	0.950000	20	keep	long_trailing 0.003791061077040 vs 0.003791061077041 micro gain
bc6c9e5	0.305902084652496	0.950000	20	discard	long_trailing 0.0037910610770405 not improved vs 0.003791061077040
09ffa78	0.305902084652797	0.950000	20	keep	short_take_profit_pct 0.0252679598251 vs 0.025267959825
30164f8	0.305902084653097	0.950000	20	keep	short_take_profit_pct 0.0252679598252 vs 0.0252679598251
64e2c7d	0.305902084653397	0.950000	20	keep	short_take_profit_pct 0.0252679598253 vs 0.0252679598252
2055db8	0.305902084653697	0.950000	20	keep	short_take_profit_pct 0.0252679598254 vs 0.0252679598253
e8c2bae	0.305902084653997	0.950000	20	keep	short_take_profit_pct 0.0252679598255 vs 0.0252679598254
00127c6	0.305902084654297	0.950000	20	keep	short_take_profit_pct 0.0252679598256 vs 0.0252679598255
60ebc27	0.305902084654597	0.950000	20	keep	short_take_profit_pct 0.0252679598257 vs 0.0252679598256
584ba28	0.304480983120073	0.950000	20	discard	short_take_profit_pct 0.0252679598260 cliff vs 0.0252679598257
d665831	0.305902084654897	0.950000	20	keep	short_take_profit_pct 0.0252679598258 vs 0.0252679598257
c8d8094	0.305902084655197	0.950000	20	keep	short_take_profit_pct 0.0252679598259 vs 0.0252679598258
4953ab8	0.305902084655347	0.950000	20	keep	short_take_profit_pct 0.02526795982595 vs 0.0252679598259
8ad2abd	0.305902084655345	0.950000	20	discard	long_trailing 0.003791061077042 not improved vs 0.003791061077040
ccb77f0	0.304480983120033	0.950000	20	discard	short_take_profit_pct 0.02526795982598 cliff vs 0.02526795982595
19fe71e	0.304480983119993	0.950000	20	discard	short_take_profit_pct 0.02526795982596 cliff vs 0.02526795982595
9a0705e	0.305902084654953	0.950000	20	discard	short_trailing 0.0014579407231 worse vs 0.001457940723
a685721	0.305902084656448	0.950000	20	keep	long take_profit_pct 0.0155532607201 vs 0.01555326072
6ad74a6	0.305902084657548	0.950000	20	keep	long take_profit_pct 0.0155532607202 vs 0.0155532607201
6c312de	0.305902084658646	0.950000	20	keep	long take_profit_pct 0.0155532607203 vs 0.0155532607202
180c764	0.305902084659748	0.950000	20	keep	long take_profit_pct 0.0155532607204 vs 0.0155532607203
9f21667	0.305902084666348	0.950000	20	keep	long take_profit_pct 0.0155532607210 vs 0.0155532607204
fbe91aa	0.305902084677346	0.950000	20	keep	long take_profit_pct 0.0155532607220 vs 0.0155532607210
39d69e0	0.305902084688347	0.950000	20	keep	long take_profit_pct 0.0155532607230 vs 0.0155532607220
2874fdd	0.305902084699348	0.950000	20	keep	long take_profit_pct 0.0155532607240 vs 0.0155532607230
70b57ea	0.305902084710347	0.950000	20	keep	long take_profit_pct 0.0155532607250 vs 0.0155532607240
6661182	0.305902084721348	0.950000	20	keep	long take_profit_pct 0.0155532607260 vs 0.0155532607250
6eda7f7	0.305902084732346	0.950000	20	keep	long take_profit_pct 0.0155532607270 vs 0.0155532607260
1e6ee83	0.302052060325903	0.950000	20	discard	long take_profit_pct 0.0155532607300 cliff vs 0.0155532607270
24c6948	0.305902084743347	0.950000	20	keep	long take_profit_pct 0.0155532607280 vs 0.0155532607270
fb0b708	0.302052060315904	0.950000	20	discard	long take_profit_pct 0.0155532607290 cliff vs 0.0155532607280
b541c22	0.305902084744446	0.950000	20	keep	long take_profit_pct 0.0155532607281 vs 0.0155532607280
d7e34b5	0.305902084745548	0.950000	20	keep	long take_profit_pct 0.0155532607282 vs 0.0155532607281
2071f4b	0.305902084748848	0.950000	20	keep	long take_profit_pct 0.0155532607285 vs 0.0155532607282
2023c94	0.305902084752147	0.950000	20	keep	long take_profit_pct 0.0155532607288 vs 0.0155532607285
ccd8648	0.305902084753247	0.950000	20	keep	long take_profit_pct 0.0155532607289 vs 0.0155532607288
08964aa	0.305902084753247	0.950000	20	discard	trailing_trigger 0.012999 same PnL as 0.013
efbeb00	0.305902084753247	0.950000	20	discard	trailing_trigger 0.013001 same PnL as 0.013
5422c61	0.292539583094865	0.950000	20	discard	short_trailing 0.0014579407229 cliff vs 0.001457940723
f40b8da	0.305902084753246	0.950000	20	discard	long_trailing 0.003791061077041 not improved vs 0.003791061077040
f0b09dc	0.305902084753247	0.950000	20	discard	min_ob_stop 0.00499 same PnL as 0.005
f661de5	0.305902084753253	0.950000	20	keep	short_take_profit_pct 0.025267959825952 vs 0.02526795982595
d01f9a9	0.305902084753259	0.950000	20	keep	short_take_profit_pct 0.025267959825954 vs 0.025267959825952
9f6f4e7	0.305902084753265	0.950000	20	keep	short_take_profit_pct 0.025267959825956 vs 0.025267959825954
81711e6	0.304480983217891	0.950000	20	discard	short_take_profit_pct 0.025267959825959 cliff vs 0.025267959825956
e02ac4d	0.305902084753271	0.950000	20	keep	short_take_profit_pct 0.025267959825958 vs 0.025267959825956
fe9c054	0.305902084753268	0.950000	20	discard	short_take_profit_pct 0.025267959825957 not improved vs 0.025267959825958
bc207fc	0.305902084753268	0.950000	20	discard	long_trailing 0.003791061077043 not improved vs 0.003791061077040
b50f4f8	0.305902084753271	0.950000	20	discard	trailing_trigger 0.013002 same PnL as 0.013
2b536dd	0.305902084753272	0.950000	20	keep	short_take_profit_pct 0.0252679598259585 vs 0.025267959825958
903933d	0.305902084753273	0.950000	20	keep	short_take_profit_pct 0.0252679598259588 vs 0.0252679598259585
7de937e	0.305902084753274	0.950000	20	keep	short_take_profit_pct 0.0252679598259589 vs 0.0252679598259588
6fe659f	0.305902084753273	0.950000	20	discard	long_trailing 0.0037910610770402 not improved vs 0.003791061077040
eeaa649	0.304480983217891	0.950000	20	discard	short_take_profit_pct 0.02526795982595895 cliff vs 0.0252679598259589
74a074f	0.305902084753274	0.950000	20	discard	trailing_trigger 0.012998 same PnL as 0.013
d48b9aa	0.300733537725807	0.950000	20	discard	long_trailing 0.003791061077039 cliff vs 0.003791061077040
6a6bc74	0.305902084753274	0.950000	20	discard	short_take_profit_pct 0.02526795982595891 same float as 8259589
1f46eff	0.305902084753274	0.950000	20	discard	trailing_trigger 0.013005 same PnL as 0.013
b433af7	0.305902084752724	0.950000	20	discard	long take_profit_pct 0.01555326072885 not improved vs 0.0155532607289
874d19d	0.305902084753823	0.950000	20	keep	long take_profit_pct 0.01555326072895 vs 0.0155532607289
de988be	0.302052060315728	0.950000	20	discard	long take_profit_pct 0.01555326072898 cliff vs 0.01555326072895
97477d9	0.302052060315629	0.950000	20	discard	long take_profit_pct 0.01555326072897 cliff vs 0.01555326072895
978db3e	0.305902084753933	0.950000	20	keep	long take_profit_pct 0.01555326072896 vs 0.01555326072895
1bef03f	0.305902084753989	0.950000	20	keep	long take_profit_pct 0.015553260728965 vs 0.01555326072896
3a27212	0.302052060315609	0.950000	20	discard	long take_profit_pct 0.015553260728968 cliff vs 0.015553260728965
c8896c1	0.305902084753999	0.950000	20	keep	long take_profit_pct 0.015553260728966 vs 0.015553260728965
53a0b7b	0.302052060315600	0.950000	20	discard	long take_profit_pct 0.015553260728967 cliff vs 0.015553260728966
e3893a3	0.305902084754006	0.950000	20	keep	long take_profit_pct 0.0155532607289665 vs 0.015553260728966
3131268	0.305902084754006	0.950000	20	discard	long_trailing 0.0037910610770401 same PnL as 040
e971e99	0.305902084754006	0.950000	20	discard	long take_profit_pct 0.01555326072896655 same PnL as 7289665
68a9c7a	0.305902084754004	0.950000	20	discard	long take_profit_pct 0.01555326072896625 not improved vs 7289665
6809244	0.305902084753809	0.950000	20	discard	short_trailing 0.00145794072305 not improved vs 723
59b1c17	0.304480983218623	0.950000	20	discard	short_take_profit_pct 0.02526795982595895 cliff vs 8259589
4564933	0.305902084754025	0.950000	20	keep	short_trailing 0.001457940722995 vs 723
a858b50	0.305902084754037	0.950000	20	keep	short_trailing 0.001457940722992 vs 722995
d3e9e2b	0.305902084754045	0.950000	20	keep	short_trailing 0.00145794072299 vs 722992
965af24	0.305902084754064	0.950000	20	keep	short_trailing 0.001457940722985 vs 72299
c9de89d	0.305902084754084	0.950000	20	keep	short_trailing 0.00145794072298 vs 722985
db9aca3	0.305902084754105	0.950000	20	keep	short_trailing 0.001457940722975 vs 72298
da638eb	0.292539583095271	0.950000	20	discard	short_trailing 0.00145794072297 cliff vs 722975
8a467fa	0.292539583095251	0.950000	20	discard	short_trailing 0.001457940722974 cliff vs 722975
874ccf8	0.305902084754100	0.950000	20	discard	short_trailing 0.001457940722976 not improved vs 722975
4246910	0.305902084754105	0.950000	20	discard	rsi_length 11 same PnL as 12
0e92240	0.295983704257286	0.947368	19	discard	rsi_length 13 not improved vs 12
e0cbb4f	0.305902084754105	0.950000	20	discard	long_rsi_threshold 44.9 same PnL as 45.0
cba7fef	0.305902084754105	0.950000	20	discard	long_rsi_threshold 45.1 same PnL as 45.0
42b1bba	0.305902084754105	0.950000	20	discard	short_rsi_threshold 54.9 same PnL as 55.0
d41d212	0.305902084754105	0.950000	20	discard	short_rsi_threshold 55.1 same PnL as 55.0
379968d	0.299044605855248	1.000000	18	discard	min_ob_stop_distance_pct 0.00501 not improved vs 0.005
f5bdd60	0.305902084754104	0.950000	20	discard	short_take_profit_pct 8259588 not improved vs 8259589
cacfddd	0.305902084754105	0.950000	20	discard	trailing_trigger 0.012999 same PnL as 0.013
68a070a	0.305902084754105	0.950000	20	discard	trailing_trigger 0.013001 same PnL as 0.013
cbfd026	0.305902084754105	0.950000	20	discard	trailing_trigger 0.01299 same PnL as 0.013
202e22f	0.305902084754105	0.950000	20	discard	long_trailing 0.0037910610770398 same PnL as 040
bbf5a83	-0.307455372364701	0.000000	1	discard	require_fvg_confirmation True trade_count 1
341930e	0.152056912920592	0.681818	22	discard	entry_on_close False not improved vs True
09253d9	0.305902084754105	0.950000	20	discard	long_short_conflict prefer_long same PnL as skip_both
3fff5d9	0.305902084754105	0.950000	20	discard	long_short_conflict prefer_short same PnL as skip_both
f8554e8	0.197372745111473	0.923077	13	discard	trailing_stop_enabled False not improved
7773f3d	0.305902084754105	0.950000	20	discard	trailing_trigger 0.01302 same PnL as 0.013
6add3f7	-0.250013900118622	0.800000	5	discard	allow_shorts False long-only
c624e64	0.158861577894723	1.000000	8	discard	allow_longs False short-only
0ce5e63	0.305902084754105	0.950000	20	discard	min_ob_stop 0.00498 same PnL as 0.005
fc6d04d	0.305902084754105	0.950000	20	discard	min_ob_stop 0.00495 same PnL as 0.005
15201a2	0.305902084754104	0.950000	20	discard	long_trailing 0.0037910610770402 not improved vs 040
5211ac2	0.305902084754102	0.950000	20	discard	short_trailing 7229755 not improved vs 722975
e91f244	0.305902084754106	0.950000	20	keep	short_trailing 0.0014579407229745 vs 722975
4ee2ce7	0.305902084754106	0.950000	20	discard	short_trailing 7229744 same PnL as 7229745
20d9648	0.305902084754105	0.950000	20	discard	short_trailing 7229746 not improved vs 7229745
13531ba	0.305902084754106	0.950000	20	discard	short_trailing ULP-1 below 7229745 same PnL
103159a	0.305902084754106	0.950000	20	discard	short_trailing ULP+1 above 7229745 same PnL
4a94615	0.305902084754106	0.950000	20	discard	long TP ULP+1 above 7289665 same PnL as 7289665
0aa3a08	0.305902084754106	0.950000	20	discard	long TP ULP-1 below 7289665 same PnL as 7289665
a5b7c14	0.305902084754106	0.950000	20	discard	short TP ULP-1 below 8259589 same PnL
2c21f0d	0.305902084754106	0.950000	20	discard	short TP ULP+1 above 8259589 same PnL
4f2d4d3	0.305902084754106	0.950000	20	discard	long_trail ULP-1 below 040 same PnL
6cb4a30	0.305902084754106	0.950000	20	discard	long_trail ULP+1 above 040 same PnL
231a9fe	0.305902084754106	0.950000	20	discard	trailing_trigger 0.0129 same PnL as 0.013
fa8be16	0.294245595301695	0.947368	19	discard	trailing_trigger 0.0131 not improved vs 0.013
fd9a786	0.295983704257288	0.947368	19	discard	long_rsi_threshold 44.0 not improved vs 45.0
64ed608	0.305902084754106	0.950000	20	discard	long_rsi_threshold 46.0 same PnL as 45.0
afbe19c	0.305902084754106	0.950000	20	discard	short_rsi_threshold 54.0 same PnL as 55.0
af2b418	0.306752971083334	0.950000	20	keep	short_rsi_threshold 56.0 vs 55.0
f30af92	0.306752971083334	0.950000	20	discard	short_rsi_threshold 57.0 same PnL as 56.0
7aa0860	0.305902084754106	0.950000	20	discard	short_rsi_threshold 55.5 not improved vs 56.0
31d4a63	0.287125127472295	0.950000	20	discard	rsi_length 10 not improved (short_rsi 56.0)
adfdd0a	0.296834590586516	0.947368	19	discard	rsi_length 14 not improved (short_rsi 56.0)
a8cd597	0.306752971083334	0.950000	20	discard	short_rsi_threshold 56.5 same PnL as 56.0
a9624f2	0.306752971083334	0.950000	20	discard	short_rsi_threshold 56.25 same PnL as 56.0
a0e33fa	0.306752971083334	0.950000	20	discard	long_rsi_threshold 45.5 same PnL as 45.0 (short_rsi 56)
672294b	0.306752971083334	0.950000	20	discard	trailing_trigger 0.01295 same PnL as 0.013 (short_rsi 56)
4389a11	0.306752971083334	0.950000	20	discard	trailing_trigger 0.01305 same PnL as 0.013 (short_rsi 56)
ca607a6	0.306752971083334	0.950000	20	discard	short_rsi_threshold 55.75 same PnL as 56.0
da8ae14	0.296834590586516	0.947368	19	discard	long_rsi_threshold 44.5 not improved (short_rsi 56)
797f0bf	0.299895492184478	1.000000	18	discard	min_ob_stop 0.00502 not improved (short_rsi 56)
d007d49	0.306752971083334	0.950000	20	discard	short_rsi_threshold 56.1 same PnL as 56.0
d8d868a	0.306752971083334	0.950000	20	discard	long_rsi_threshold 45.25 same PnL as 45.0 (short_rsi 56)
9b2ade1	0.306752971083334	0.950000	20	discard	long_rsi_threshold 45.75 same PnL as 45.0 (short_rsi 56)
b31a10d	0.292927396850071	0.950000	20	discard	trailing_trigger 0.01285 not improved (short_rsi 56)
cc0edb3	0.306752971083334	0.950000	20	discard	trailing_trigger 0.01308 same PnL as 0.013 (short_rsi 56)
a306039	0.305902084754106	0.950000	20	discard	rsi_length 11 not improved vs 12 (short_rsi 56)
9f2b24b	0.292927396850071	0.950000	20	discard	trailing_trigger 0.01288 not improved (short_rsi 56)
efa89e5	0.306752971083334	0.950000	20	discard	trailing_trigger 0.01292 same PnL as 0.013 (short_rsi 56)
06da04c	0.306752971083334	0.950000	20	discard	trailing_trigger 0.01307 same PnL as 0.013 (short_rsi 56)
a25c2aa	0.306752971083334	0.950000	20	discard	short_rsi_threshold 55.8 same PnL as 56.0
713668c	0.281281329857549	0.944444	18	discard	rsi_length 15 not improved (short_rsi 56)
2a803eb	0.296834590586516	0.947368	19	discard	long_rsi_threshold 44.75 not improved (short_rsi 56)
b707139	0.292927396850071	0.950000	20	discard	trailing_trigger 0.01287 cliff vs good =0.01288172 (short_rsi 56)
8801634	0.292927396850071	0.950000	20	discard	trailing_trigger 0.0128809375 cliff vs 0.01288171875 good
a7910dd	0.306752971083334	0.950000	20	discard	trailing_trigger 0.0128825 same PnL as 0.013 (short_rsi 56)
e415e9d	0.306752971083334	0.950000	20	discard	trailing_trigger 0.01291 same PnL as 0.013 (short_rsi 56)
8a850fc	0.306752971083334	0.950000	20	discard	long_rsi_threshold 45.125 same PnL as 45.0 (short_rsi 56)
047ee97	0.296834590586516	0.947368	19	discard	rsi_length 13 not improved (short_rsi 56)
1e4059f	0.292927396850071	0.950000	20	discard	trailing_trigger 0.01288125 bad vs good =0.01288155078
6e22674	0.292927396850071	0.950000	20	discard	trailing_trigger 0.0128815453125 narrow bad vs 0.01288155078125 good
0c2adf2	0.306752971083334	0.950000	20	discard	trailing_trigger 0.01288155078125 same PnL as 0.013 (short_rsi 56)
f7a6765	0.306752971083334	0.950000	20	discard	trailing_trigger 0.0128816 0.01288165 same PnL as 0.013 (short_rsi 56)
651aef4	0.306752971083334	0.950000	20	discard	long_rsi_threshold 45.375 same PnL as 45.0 (short_rsi 56)
bcb09fc	0.306752971083334	0.950000	20	discard	short_rsi_threshold 55.9 same PnL as 56.0
9dc4334	0.306752971083334	0.950000	20	discard	trailing ULP-1 below 0.01288155078125 same PnL as 0.013
6bc6c53	0.292927396850071	0.950000	20	discard	trailing_trigger 0.0128815454 bad vs =0.0128815458 good
3bad4a6	0.292927396850071	0.950000	20	discard	trailing_trigger 0.0128815456 0.0128815457 bad interior
d4641d4	0.306752971083334	0.950000	20	discard	trailing_trigger 0.0128815465 0.012881548 same PnL as 0.013
2472c11	0.306752971083334	0.950000	20	discard	short_rsi_threshold 56.01 same PnL as 56.0
f91dccd	0.306752971083334	0.950000	20	discard	short_rsi_threshold 56.02 same PnL as 56.0
6e3d55e	0.306752971083334	0.950000	20	discard	long_short_conflict prefer_long same PnL as skip_both
cfb6985	0.306752971083334	0.950000	20	discard	long_short_conflict prefer_short same PnL as skip_both
9fd3e75	0.197372745111473	0.923077	13	discard	trailing_stop_enabled false worse vs baseline 0.307/20
d9cf5df	0.306752971083334	0.950000	20	discard	long_rsi_threshold 44.95 same PnL as 45.0 (short_rsi 56)
1e59ea4	0.306752971083334	0.950000	20	discard	short_rsi_threshold 56.03 same PnL as 56.0
79072e7	0.306752971083334	0.950000	20	discard	short_rsi_threshold 56.05 same PnL as 56.0
05e63a2	0.306752971083334	0.950000	20	discard	min_ob_stop_distance_pct 0.00498 same PnL as 0.005
bf2501d	0.306752971083334	0.950000	20	discard	take_profit_pct nextafter 0.0155532607289665 same PnL
1a097b6	0.306752971083334	0.950000	20	discard	short_take_profit_pct nextafter 0.0252679598259589 same PnL
877618c	0.306752971083334	0.950000	20	discard	long_rsi_threshold 45.2 same PnL as 45.0 (short_rsi 56)
1e8eafe	0.306752971083334	0.950000	20	discard	short_rsi_threshold 55.99 same PnL as 56.0
926266c	0.306752971083334	0.950000	20	discard	take_profit_pct nextbefore 0.0155532607289665 same PnL
3920984	0.306752971083334	0.950000	20	discard	short_take_profit_pct nextbefore 0.0252679598259589 same PnL
7a321de	-0.250013900118622	0.800000	5	discard	allow_shorts false long-only worse PnL vs baseline
2daa201	0.159712464223953	1.000000	8	discard	allow_longs false short-only worse vs baseline
b268240	0.306752971083334	0.950000	20	discard	long_trailing_distance_pct ULP-1 vs 0.003791061077040 same PnL
d04d79a	0.306752971083334	0.950000	20	discard	short_trailing_distance_pct ULP-1 vs 7229745 same PnL
5d37004	-0.177281217174894	0.833333	6	discard	rsi_length 16 not improved vs 12 (short_rsi 56)
2dd734b	0.286735396732170	0.950000	20	discard	rsi_length 8 not improved vs 12 (short_rsi 56)
7ea4496	0.295646285247379	0.947368	19	discard	trailing_trigger_pct 0.014 not improved vs 0.013 (short_rsi 56)
56c2d3e	0.306752971083334	0.950000	20	discard	long_rsi_threshold 45.01 same PnL as 45.0 (short_rsi 56)
30235ca	0.306752971083334	0.950000	20	discard	short_rsi_threshold 56.001 same PnL as 56.0
478cdfb	0.287125127472295	0.950000	20	discard	rsi_length 9 not improved vs 12 (short_rsi 56)
4499948	0.286495172382667	0.950000	20	discard	rsi_length 7 not improved vs 12 (short_rsi 56)
4ee5a34	-0.177281217174894	0.833333	6	discard	rsi_length 18 not improved vs 12 (short_rsi 56)
55383ed	0.306752971083334	0.950000	20	discard	long_rsi_threshold 44.99 same PnL as 45.0 (short_rsi 56)
c06fd3b	0.306752971083334	0.950000	20	discard	short_rsi_threshold 56.07 same PnL as 56.0
a6ef6c6	0.295096481630923	0.947368	19	discard	trailing_trigger_pct 0.01315 not improved vs 0.013
f4293e6	0.306752971083334	0.950000	20	discard	long_trailing_distance_pct nextafter 0.003791061077040 same PnL
cb4cf36	0.306752971083334	0.950000	20	discard	short_trailing_distance_pct nextafter 7229745 same PnL
607a97d	0.306752971083334	0.950000	20	discard	min_ob_stop_distance_pct 0.00496 same PnL as 0.005
a7cbef1	0.280910105786214	0.950000	20	discard	rsi_length 6 not improved vs 12 (short_rsi 56)
b748856	0.204914646472809	0.928571	14	discard	rsi_length 20 not improved vs 12 (short_rsi 56)
0aa6393	0.306752971083334	0.950000	20	discard	short_rsi_threshold 55.98 same PnL as 56.0
e943ad5	0.306752971083334	0.950000	20	discard	long_rsi_threshold 45.35 same PnL as 45.0 (short_rsi 56)
54ebdff	0.306752971083334	0.950000	20	discard	trailing_trigger_pct 0.013005 same PnL as 0.013 (short_rsi 56)
3c87636	0.299895492184478	1.000000	18	discard	min_ob_stop_distance_pct 0.0051 not improved vs 0.005 (short_rsi 56)
f1d67c1	0.306752971083334	0.950000	20	discard	trailing_trigger_pct 0.012995 same PnL as 0.013
ea936d4	0.280910105786214	0.950000	20	discard	rsi_length 5 not improved vs 12 (short_rsi 56)
763ece9	-0.177281217174894	0.833333	6	discard	rsi_length 17 not improved vs 12 (short_rsi 56)
c3e7ad6	0.204914646472809	0.928571	14	discard	rsi_length 19 not improved vs 12 (short_rsi 56)
b868d64	0.306752971083334	0.950000	20	discard	short_rsi_threshold 56.08 same PnL as 56.0
5624d8e	0.306752971083334	0.950000	20	discard	long_rsi_threshold 44.98 same PnL as 45.0 (short_rsi 56)
7bb1fcc	0.306752971083334	0.950000	20	discard	trailing_trigger_pct 0.01301 same PnL as 0.013 (short_rsi 56)
c62d903	0.306752971083334	0.950000	20	discard	min_ob_stop_distance_pct 0.00495 same PnL as 0.005 (short_rsi 56)
5b57c39	0.295096481630923	0.947368	19	discard	trailing_trigger_pct 0.01312 not improved vs 0.013
f690976	0.306752971083334	0.950000	20	discard	trailing_trigger_pct 0.01309 same PnL as 0.013 (bisect vs 0.01312)
705dd35	0.295096481630923	0.947368	19	discard	trailing_trigger_pct 0.01310 worse vs 0.01309 flat (cliff edge)
636d49c	0.306752971083334	0.950000	20	discard	trailing_trigger_pct 0.013095 same PnL cliff below 0.01310
4b65703	0.295096481630923	0.947368	19	discard	trailing_trigger_pct 0.01311 same PnL band as 0.01310
516150f	0.271331082421986	0.904762	21	discard	rsi_length 4 not improved vs 12 (short_rsi 56)
1e3b332	0.193927928288418	1.000000	12	discard	rsi_length 22 not improved vs 12 (short_rsi 56)
5914d50	0.306752971083334	0.950000	20	discard	short_rsi_threshold 55.97 same PnL as 56.0
d715ac0	0.295096481630923	0.947368	19	discard	trailing_trigger_pct 0.013096 worse vs 0.013095 good (narrow cliff)
0ff9d4a	0.295096481630923	0.947368	19	discard	trailing_trigger_pct 0.013097 worse vs 0.013095 good
c8effc8	0.306752971083334	0.950000	20	discard	trailing_trigger_pct nextafter 0.013095 same PnL; cliff after 1 ULP
31eeb47	0.306752971083334	0.950000	20	discard	trailing 0.013095+8ULP same PnL; 0.013096 decimal hits worse band
7fd55fa	0.271331082421986	0.904762	21	discard	rsi_length 3 not improved vs 12 (short_rsi 56)
9306d18	0.194203271320102	1.000000	12	discard	rsi_length 23 not improved vs 12 (short_rsi 56)
9509fa9	0.306752971083334	0.950000	20	discard	long_rsi_threshold 45.4 same PnL as 45.0 (short_rsi 56)
8a132b6	0.299895492184478	1.000000	18	discard	min_ob_stop_distance_pct 0.0052 not improved vs 0.005
96ef607	0.306752971083334	0.950000	20	discard	trailing 0.01309533 max good before 0.01309534 cliff (19 trades)
ea45e17	0.295096481630923	0.947368	19	discard	trailing 0.01309534 min bad after 0.01309533 good
69853d2	0.306752971083334	0.950000	20	discard	trailing 100x nextafter 0.013095 same PnL; cliff at ~0.01309534 decimal
09d58b2	0.194203271320102	1.000000	12	discard	rsi_length 24 not improved vs 12
f01df76	0.306752971083334	0.950000	20	discard	short_rsi_threshold 56.09 same PnL as 56.0
8c7cd88	0.306752971083334	0.950000	20	discard	min_ob_stop_distance_pct 0.00493 same PnL as 0.005
c1d9e33	0.306752971083334	0.950000	20	discard	trailing nextafter 0.01309533 good; decimal 0.01309534 still first bad literal
0c20b3c	0.295096481630923	0.947368	19	discard	trailing nextbefore 0.01309534 bad; max good is nextafter(0.01309533)
4b547c5	0.194203271320101	1.000000	12	discard	rsi_length 25 not improved vs 12
a670f32	0.306752971083334	0.950000	20	discard	long_rsi_threshold 45.45 same PnL as 45.0 (short_rsi 56)
8ab33d0	0.306752971083334	0.950000	20	discard	short_rsi_threshold 55.96 same PnL as 56.0
5bd7ac7	0.320691	0.950000	20	keep	Looking at the metrics, the strategy has an excellent 95% win rate but t
5c61677	0.333322	0.950000	20	keep	Increase take profit targets (long 2.5%, short 3.5%) to capture more pro
94bc278	0.313628	0.950000	20	discard	Widen long trailing stop distance to let winners run
7d5b1cb	0.343142	0.950000	20	keep	Increase take profit targets to 3.0% long / 4.0% short
1206a3c	0.118974	0.818182	11	discard	Looking at the history, the strategy has a 95% win rate but only 0.34% t
3c84237	0.000000	0.000000	0	discard	Looking at the history, I see that the strategy doesn't use the zone inf
2acf3c1	0.120552	0.472222	36	discard	Use ATR-based stop loss instead of fixed OB stop
ff2219d	0.293197	0.950000	20	discard	Widen trailing stop distances to let winners run more
285ab63	0.344236	0.950000	20	keep	Increase take profit to 5% longs / 7% shorts
e0ac9c0	0.299653	0.857143	21	discard	**Summary:** Lower min_ob_stop_distance_pct from 0.5% to 0.3%
ee1402e	0.123155	0.500000	36	discard	Add fixed stop-loss buffer (1%) to protect against tight OBs
f3a49b4	0.000000	0.000000	0	discard	Add zone-based entry filter (discount for longs, premium for shorts)
98473b0	0.278961	0.950000	20	discard	Looking at the history and current state: the strategy has a 95% win rat
381e7a5	-0.307455	0.000000	1	discard	Looking at the history, the strategy has a very high win rate (95%) but 
5db91bf	0.280280	1.000000	14	discard	Lower long RSI threshold to 40 to capture more oversold entries
cc750af	0.299653	0.857143	21	discard	Lower min_ob_stop_distance_pct to 0.3% to tighten stops
66323f4	-0.234986	0.875000	8	discard	Lower trailing trigger from 1.3% to 0.8% to exit winners sooner
fc087ef	0.344236	0.950000	20	discard	Increase take profit to 6% long / 8% short
b43277f	0.220641	0.714286	7	discard	Disable trailing stop to let winners reach full TP
b391b69	0.100702	0.714286	7	discard	Disable trailing stop and lower TP targets to 3% long / 4% short
443c0d5	0.303481	0.950000	20	discard	Widen trailing stop distance to let winners run longer
f05f453	0.343384	0.950000	20	discard	from __future__ import annotations
b48ecaf	0.220641	0.714286	7	discard	Looking at the history carefully:
f63a623	0.000000	0.000000	0	discard	Looking at the history carefully:
c9efcfe	0.134669	0.818182	11	discard	from __future__ import annotations
6e81cc0	0.202118	0.736842	19	discard	Lower min_ob_stop_distance_pct from 0.5% to 0.3%
7f8922e	0.333991	0.904762	21	discard	Looking at the history: many trailing stop and stop-distance experiments
9d20cad	0.076916	0.317073	41	discard	Looking at the history, I see many trailing stop and stop-distance exper
c3b177c	0.117606	0.818182	11	discard	from __future__ import annotations
622c4ef	0.344236	0.950000	20	discard	Looking at the history carefully: total_pnl_pct went up from ~0.17 to ~0
bdd9ec2	0.344236	0.950000	20	discard	Increase TP targets to let high-win-rate winners run
cc9ab70	0.316032	0.950000	20	discard	Looking at the history, many trailing stop experiments have been tried a
a9c8321	0.276820	1.000000	14	discard	Tighten RSI thresholds to 40/60 for higher-quality entries
7cac8e5	0.291924	0.950000	20	discard	Widen trailing stop distance from 0.38% to 0.75%
ff7b401	0.000000	0.000000	0	discard	**Summary:** Add zone-based entry filter (discount/premium)
f08ee4e	0.344236	0.950000	20	discard	**Summary: Increase long TP to 6% and short TP to 6%**
9001b1b	0.035750	0.500000	4	discard	Remove trailing stop and raise TP targets to 6%/8%
e540c5c	0.222553	0.968750	32	discard	Add exit when price reaches nearest weak high/low for longs/shorts
3b12c96	0.344236	0.950000	20	discard	Lower long TP from 5% to 4% to capture more frequent smaller wins
e1a0792	0.344236	0.950000	20	discard	Add partial take profit (50% at TP, rest trails)
1c463fd	0.321968	0.944444	18	discard	Lower RSI thresholds to 42/54 to capture more trades
74f3f27	0.220641	0.714286	7	discard	Remove trailing stop, use fixed TP+OB exits only
0102d8f	0.316493	0.950000	20	discard	Lower long RSI threshold to 50 to capture deeper pullback entries
ccfbe85	0.084849	0.750000	8	discard	Looking at the data: 95% win rate but moderate total_pnl_pct (0.344) wit
4a6ab73	0.328859	0.950000	20	discard	**Summary:** Increase TP targets to 6%/8% and widen trailing distance to
a5802b8	0.280280	1.000000	14	discard	Lower long RSI threshold to 40 for deeper pullback entries
4aaf359	0.324246	1.000000	18	discard	Increase min_ob_stop_distance_pct from 0.5% to 1.5% to filter out tight 
87b4d3f	-0.238856	0.875000	8	discard	Looking at the current state (95% win rate, 20 trades, 0.344 total PnL),
88cf796	0.344236	0.950000	20	discard	Increase TP targets to 8%/10% to capture more profit on the 95% win rate
7f6d4ee	0.332276	0.950000	20	discard	Widen trailing distances to let high-win-rate winners run
0b53f86	0.328178	1.000000	18	discard	Remove OB stop logic to let high-win trades run longer
73aab54	0.059857	0.750000	8	discard	Widen trailing stop trigger to 2.5% and distance to 1.0%
24c841e	0.167697	0.600000	5	discard	**Summary: Increase TP targets to 7%/9% and remove trailing stop to maxi
9312caa	0.344236	0.950000	20	discard	from __future__ import annotations
15d17d9	-0.199205	0.800000	5	discard	Require minimum upside room to nearest weak high using ATR
fd343ba	0.321737	0.950000	20	discard	Looking at the metrics: 95% win rate with 20 trades, averaging ~1.72% pe
38aaeb6	0.000000	0.000000	0	discard	Add discount/premium zone filter for cleaner entries
d12c895	0.166293	0.741935	31	discard	Add fixed max stop loss to cap losing trade size
f7f3022	0.291924	0.950000	20	discard	**Summary: Widen trailing distance to let winners run further**
3af02bd	0.126668	0.818182	11	discard	Widen trailing trigger to 2.0% and trailing distance to 0.7%
b18b27a	0.280280	1.000000	14	discard	Raise short TP to 7.5% and long RSI to 40
1c81bf9	0.220641	0.714286	7	discard	Remove trailing stop to let 95% win rate winners reach full TP
48e146f	0.256433	0.956522	23	discard	Widen trailing stop to capture larger portions of winners
29623f5	0.220641	0.714286	7	discard	**Summary:** Remove trailing stop to let high-win trades reach full TP t
c3a7779	0.000000	0.000000	0	discard	**Summary: Combine RSI + zone for stricter entry filtering**
888e23e	0.049277	0.282051	39	discard	from __future__ import annotations
11375df	-0.176786	0.800000	5	discard	Remove trailing stop for longs to let winners reach full 5% TP
